﻿Username,Password,OU,Department,FirstName,Initials,LastName,Mobile,Email,StreetAddress,City,State,ZipCode,Country,EmployeeID
Ivanna.Beatty,[sG7cKC+,"OU=Marketing,DC=labdomain,DC=com",Marketing,Ivanna,B,Beatty,580-305-2429,Ivanna.Beatty@labdomain.com,4818 Luke Lane,Tulsa,OK,74120,US,5611
Deontae.Storey,+u(?dB8U,"OU=Marketing,DC=labdomain,DC=com",Marketing,Deontae,J,Storey,715-787-6608,Deontae.Storey@labdomain.com,450 Tea Berry Lane,Gresham,WI,54128,US,5612
Jim.Naranjo,_.q*D4b.,"OU=Marketing,DC=labdomain,DC=com",Marketing,Jim,L,Naranjo,812-472-0040,Jim.Naranjo@labdomain.com,2404 Lucy Lane,Fredericksburg,IN,47120,US,5613
Alivia.Rice,2cFW.$Ns,"OU=Marketing,DC=labdomain,DC=com",Marketing,Alivia,A,Rice,781-847-9355,Alivia.Rice@labdomain.com,678 Hillcrest Avenue,Boston,MA,2210,US,5614
Tobias.Guthrie,)_-!R!6t,"OU=Marketing,DC=labdomain,DC=com",Marketing,Tobias,K,Guthrie,712-279-0390,Tobias.Guthrie@labdomain.com,2360 Woodland Drive,Sioux City,IA,51101,US,5615
Rey.Stephen,e_gH-4)$,"OU=Marketing,DC=labdomain,DC=com",Marketing,Rey,P,Stephen,720-621-1477,Rey.Stephen@labdomain.com,3600 Clay Lick Road,Denver,CO,80239,US,5616
Frank.Kowalski,z7F$^RT5,"OU=Marketing,DC=labdomain,DC=com",Marketing,Frank,A,Kowalski,937-848-5461,Frank.Kowalski@labdomain.com,760 Crim Lane,Bellbrook,OH,45305,US,5617
Frank.Ayers,2Uf+f@[g,"OU=Marketing,DC=labdomain,DC=com",Marketing,Frank,B,Ayers,317-554-4675,Frank.Ayers@labdomain.com,4793 Barfield Lane,Indianapolis,IN,46225,US,5618
Shyann.Burkholder,Uar}zF7m,"OU=Marketing,DC=labdomain,DC=com",Marketing,Shyann,S,Burkholder,660-287-1168,Shyann.Burkholder@labdomain.com,2853 Fairmont Avenue,Kansas City,MO,64106,US,5619
Kaci.Buckley,Kr^]5p.H,"OU=Marketing,DC=labdomain,DC=com",Marketing,Kaci,R,Buckley,810-610-4129,Kaci.Buckley@labdomain.com,4070 Perry Street,Detroit,MI,48226,US,5620
Preston.Calhoun,]wG$HnX3,"OU=Marketing,DC=labdomain,DC=com",Marketing,Preston,J,Calhoun,225-362-5827,Preston.Calhoun@labdomain.com,1809 Washburn Street,Baton Rouge,LA,70814,US,5621
Dejon.Isaac,Lb5Z*w9b,"OU=Marketing,DC=labdomain,DC=com",Marketing,Dejon,J,Isaac,859-685-3689,Dejon.Isaac@labdomain.com,4571 Mayo Street,Lexington,KY,40507,US,5622
Ileana.Roe,7]dw}?Cv,"OU=Marketing,DC=labdomain,DC=com",Marketing,Ileana,C,Roe,256-438-9841,Ileana.Roe@labdomain.com,4204 Turnpike Drive,Birmingham,AL,35222,US,5623
Annalee.Ostrander,zdk@L8{F,"OU=Marketing,DC=labdomain,DC=com",Marketing,Annalee,S,Ostrander,610-766-9858,Annalee.Ostrander@labdomain.com,3051 Lyndon Street,Philadelphia,PA,19146,US,5624
Jazmyn.Salerno,?z7&jh[S,"OU=Marketing,DC=labdomain,DC=com",Marketing,Jazmyn,D,Salerno,574-248-2831,Jazmyn.Salerno@labdomain.com,618 Sharon Lane,Plymouth,IN,46563,US,5625
Esteban.Mehta,Pdc8_[X&,"OU=Marketing,DC=labdomain,DC=com",Marketing,Esteban,M,Mehta,770-578-7561,Esteban.Mehta@labdomain.com,4128 Lakeland Park Drive,Marietta,GA,30062,US,5626
Katrina.Brothers,/Q7N_duX,"OU=Marketing,DC=labdomain,DC=com",Marketing,Katrina,E,Brothers,201-829-2373,Katrina.Brothers@labdomain.com,2296 Lakewood Drive,Secaucus,NJ,7094,US,5627
Omar.Marcum,Gw@2/n5f,"OU=Marketing,DC=labdomain,DC=com",Marketing,Omar,C,Marcum,814-487-9372,Omar.Marcum@labdomain.com,3487 Stutler Lane,Beaverdale,PA,15952,US,5628
Mercedez.Hodges,3-fvW_E-,"OU=Marketing,DC=labdomain,DC=com",Marketing,Mercedez,D,Hodges,417-859-8831,Mercedez.Hodges@labdomain.com,2519 Briarwood Road,Marshfield,MO,65706,US,5629
Delaney.Shen,J{bN4MZY,"OU=Marketing,DC=labdomain,DC=com",Marketing,Delaney,C,Shen,865-281-6474,Delaney.Shen@labdomain.com,3315 Wiseman Street,Knoxville,TN,37918,US,5630
Dorian.Carrera,2NJ>e@c3,"OU=Marketing,DC=labdomain,DC=com",Marketing,Dorian,J,Carrera,703-820-9799,Dorian.Carrera@labdomain.com,2466 Perine Street,Arlington,VA,22206,US,5631
Desmond.Beaulieu,(n7e_5Kh,"OU=Marketing,DC=labdomain,DC=com",Marketing,Desmond,D,Beaulieu,954-438-4960,Desmond.Beaulieu@labdomain.com,2132 West Fork Drive,Hollywood,FL,33024,US,5632
Rylee.Scruggs,]snyC_7x,"OU=Marketing,DC=labdomain,DC=com",Marketing,Rylee,S,Scruggs,502-827-3609,Rylee.Scruggs@labdomain.com,4354 Karen Lane,Radcliff,KY,40180,US,5633
Pablo.Ayala,Vjh4tBe[,"OU=Marketing,DC=labdomain,DC=com",Marketing,Pablo,L,Ayala,813-713-5503,Pablo.Ayala@labdomain.com,4221 Saints Alley,Polk City,FL,33868,US,5634
Marina.Snodgrass,h@Vb3dQA,"OU=Marketing,DC=labdomain,DC=com",Marketing,Marina,F,Snodgrass,409-916-8768,Marina.Snodgrass@labdomain.com,1414 Lynn Ogden Lane,Texas City,TX,77591,US,5635
Devontae.Deaton,qeY}Ey3Y,"OU=Marketing,DC=labdomain,DC=com",Marketing,Devontae,C,Deaton,707-568-4556,Devontae.Deaton@labdomain.com,1380 Marietta Street,Santa Rosa,CA,95401,US,5636
Malaysia.Harrell,V6]X}$xe,"OU=Marketing,DC=labdomain,DC=com",Marketing,Malaysia,L,Harrell,703-392-5629,Malaysia.Harrell@labdomain.com,1455 Golf Course Drive,Manassas,VA,22110,US,5637
Ladarius.Kauffman,fKn2!Zfw,"OU=Marketing,DC=labdomain,DC=com",Marketing,Ladarius,L,Kauffman,267-374-7677,Ladarius.Kauffman@labdomain.com,2360 Valley Drive,Plymouth Meeting,PA,19462,US,5638
Tristin.Amaral,/X*{7Gq$,"OU=Marketing,DC=labdomain,DC=com",Marketing,Tristin,D,Amaral,508-282-0872,Tristin.Amaral@labdomain.com,3370 Stadium Drive,Brockton,MA,2402,US,5639
Simone.Duenas,d6j[3_Yp,"OU=Marketing,DC=labdomain,DC=com",Marketing,Simone,R,Duenas,808-550-0871,Simone.Duenas@labdomain.com,3302 Arron Smith Drive,Honolulu,HI,96813,US,5640
Baby.Lafleur,$J7n4xKK,"OU=Marketing,DC=labdomain,DC=com",Marketing,Baby,E,Lafleur,720-532-9845,Baby.Lafleur@labdomain.com,4175 Clay Lick Road,Aurora,CO,80014,US,5641
Kala.Thao,YTs*MRG8,"OU=Marketing,DC=labdomain,DC=com",Marketing,Kala,E,Thao,631-539-1213,Kala.Thao@labdomain.com,4053 Abia Martin Drive,Bethpage,NY,11714,US,5642
Brionna.Salter,DT6>Axq.,"OU=Marketing,DC=labdomain,DC=com",Marketing,Brionna,R,Salter,386-658-8566,Brionna.Salter@labdomain.com,2181 Spirit Drive,Dowling Park,FL,32060,US,5643
Lesly.Brothers,qs$t87R*,"OU=Marketing,DC=labdomain,DC=com",Marketing,Lesly,D,Brothers,267-508-3863,Lesly.Brothers@labdomain.com,400 Quincy Street,Philadelphia,PA,19108,US,5644
Uriah.Hopper,c7aWGk=g,"OU=Marketing,DC=labdomain,DC=com",Marketing,Uriah,J,Hopper,985-705-6763,Uriah.Hopper@labdomain.com,2760 Woodland Avenue,Metairie,LA,70001,US,5645
Luisa.Bass,W9f2[xn4,"OU=Marketing,DC=labdomain,DC=com",Marketing,Luisa,T,Bass,336-566-7831,Luisa.Bass@labdomain.com,1170 Ingram Road,Asheboro,NC,27203,US,5646
Mikel.Cavazos,v^X5Qk.Z,"OU=Marketing,DC=labdomain,DC=com",Marketing,Mikel,C,Cavazos,772-221-0223,Mikel.Cavazos@labdomain.com,2432 Elkview Drive,Stuart,FL,34994,US,5647
Isidro.Grayson,VsU>F[96,"OU=Marketing,DC=labdomain,DC=com",Marketing,Isidro,M,Grayson,908-598-7681,Isidro.Grayson@labdomain.com,2294 Caynor Circle,Summit,NJ,7901,US,5648
Edgar.Blake,/v93J$r6,"OU=Marketing,DC=labdomain,DC=com",Marketing,Edgar,E,Blake,773-592-8062,Edgar.Blake@labdomain.com,4173 Virginia Street,Chicago,IL,60631,US,5649
Isaias.Heinz,yyBHp%L9,"OU=Marketing,DC=labdomain,DC=com",Marketing,Isaias,G,Heinz,808-627-7882,Isaias.Heinz@labdomain.com,113 Indiana Avenue,Mililani,HI,96789,US,5650
Paxton.Snyder,e@2S]5Uq,"OU=Marketing,DC=labdomain,DC=com",Marketing,Paxton,J,Snyder,318-663-4940,Paxton.Snyder@labdomain.com,1964 Emerson Road,Shreveport,LA,71101,US,5651
Harvey.Bullard,xwy$+Y9d,"OU=Marketing,DC=labdomain,DC=com",Marketing,Harvey,T,Bullard,225-715-1914,Harvey.Bullard@labdomain.com,366 Eva Pearl Street,Baton Rouge,LA,70814,US,5652
Yamilet.Robinette,Mqt}6BwG,"OU=Marketing,DC=labdomain,DC=com",Marketing,Yamilet,J,Robinette,336-881-9875,Yamilet.Robinette@labdomain.com,1505 Fire Access Road,High Point,NC,27260,US,5653
Christopher.Judge,B4*T=Yq@,"OU=Marketing,DC=labdomain,DC=com",Marketing,Christopher,M,Judge,404-568-4939,Christopher.Judge@labdomain.com,530 Junior Avenue,Atlanta,GA,30342,US,5654
Pierre.Adler,^Pm8@*sP,"OU=Marketing,DC=labdomain,DC=com",Marketing,Pierre,W,Adler,614-727-4508,Pierre.Adler@labdomain.com,593 Palmer Road,Columbus,OH,43212,US,5655
Ashton.Fink,=662AcE5,"OU=Marketing,DC=labdomain,DC=com",Marketing,Ashton,B,Fink,856-336-8811,Ashton.Fink@labdomain.com,2515 Lee Avenue,Pennsauken,NJ,8110,US,5656
Stacie.Crain,7w}@nKZk,"OU=Marketing,DC=labdomain,DC=com",Marketing,Stacie,N,Crain,646-865-7318,Stacie.Crain@labdomain.com,785 Forest Avenue,New York,NY,10016,US,5657
Ricky.Patino,G{.xZ8/B,"OU=Marketing,DC=labdomain,DC=com",Marketing,Ricky,C,Patino,720-744-3789,Ricky.Patino@labdomain.com,84 Clay Lick Road,Denver,CO,80014,US,5658
Cassandra.Ko,Dmy5)Jhn,"OU=Marketing,DC=labdomain,DC=com",Marketing,Cassandra,J,Ko,334-561-6230,Cassandra.Ko@labdomain.com,130 Turkey Pen Lane,Montgomery,AL,36104,US,5659
Oswaldo.Maynard,d4-!C7c^,"OU=Marketing,DC=labdomain,DC=com",Accounting,Oswaldo,P,Maynard,541-698-9688,Oswaldo.Maynard@labdomain.com,1998 Buena Vista Avenue,Coos Bay,OR,97420,US,5660
Leyla.Sebastian,2UxGDh^.,"OU=Marketing,DC=labdomain,DC=com",Accounting,Leyla,J,Sebastian,773-724-4185,Leyla.Sebastian@labdomain.com,1957 Vesta Drive,Hickory Hills,IL,60457,US,5661
Darrin.Baugh,p$_5J*gT,"OU=Marketing,DC=labdomain,DC=com",Accounting,Darrin,R,Baugh,704-790-7910,Darrin.Baugh@labdomain.com,1643 Harry Place,Charlotte,NC,28202,US,5662
Efren.Andersen,2W8*2unj,"OU=Marketing,DC=labdomain,DC=com",Accounting,Efren,H,Andersen,609-918-4366,Efren.Andersen@labdomain.com,3177 Whiteman Street,Hightstown,NJ,8520,US,5663
Andreas.Whitworth,g5Pd/GfP,"OU=Marketing,DC=labdomain,DC=com",Accounting,Andreas,D,Whitworth,314-342-3638,Andreas.Whitworth@labdomain.com,18 Bruce Street,Saint Louis,MO,63101,US,5664
Tomas.Newby,8s)(zU!u,"OU=Marketing,DC=labdomain,DC=com",Accounting,Tomas,E,Newby,512-268-1936,Tomas.Newby@labdomain.com,2674 Sundown Lane,Kyle,TX,78640,US,5665
Yazmine.Seidel,{e455qD?,"OU=Marketing,DC=labdomain,DC=com",Accounting,Yazmine,R,Seidel,863-367-0628,Yazmine.Seidel@labdomain.com,889 Tetrick Road,Cypress Gardens,FL,33884,US,5666
London.Christie,mx9*D$V^,"OU=Marketing,DC=labdomain,DC=com",Accounting,London,R,Christie,217-804-5216,London.Christie@labdomain.com,2242 Spring Street,Mattoon,IL,61938,US,5667
Travion.Wade,7A>-Z-+t,"OU=Marketing,DC=labdomain,DC=com",Accounting,Travion,C,Wade,530-328-4242,Travion.Wade@labdomain.com,864 Riverwood Drive,Sacramento,CA,95814,US,5668
Mohamed.Lockwood,)xEs5yGJ,"OU=Marketing,DC=labdomain,DC=com",Accounting,Mohamed,T,Lockwood,323-449-0664,Mohamed.Lockwood@labdomain.com,3692 Red Maple Drive,City Of Commerce,CA,90040,US,5669
Louise.Arndt,]J8uv&Ny,"OU=Marketing,DC=labdomain,DC=com",Accounting,Louise,O,Arndt,530-566-9671,Louise.Arndt@labdomain.com,2455 Hill Croft Farm Road,Chico,CA,95928,US,5670
Brook.Weathers,Z-y2G}&V,"OU=Marketing,DC=labdomain,DC=com",Accounting,Brook,T,Weathers,505-559-0280,Brook.Weathers@labdomain.com,3684 Bird Street,Albuquerque,NM,87112,US,5671
Terrell.Lackey,qh5tB{9j,"OU=Marketing,DC=labdomain,DC=com",Accounting,Terrell,M,Lackey,406-978-7614,Terrell.Lackey@labdomain.com,2639 Coolidge Street,Baker,MT,59313,US,5672
Anahi.Finn,@CHDx-C4,"OU=Marketing,DC=labdomain,DC=com",Accounting,Anahi,W,Finn,404-535-9973,Anahi.Finn@labdomain.com,2279 Clement Street,Atlanta,GA,30303,US,5673
Kiah.Kessler,2Hf4P_fE,"OU=Marketing,DC=labdomain,DC=com",Accounting,Kiah,K,Kessler,601-606-0359,Kiah.Kessler@labdomain.com,2111 Walnut Street,Jackson,MS,39201,US,5674
Abigayle.Slaughter,=7D8?vcL,"OU=Marketing,DC=labdomain,DC=com",Accounting,Abigayle,E,Slaughter,727-562-8385,Abigayle.Slaughter@labdomain.com,4589 Maryland Avenue,Clearwater,FL,34623,US,5675
Julian.Earley,V9j*a>R6,"OU=Marketing,DC=labdomain,DC=com",Accounting,Julian,B,Earley,812-631-1474,Julian.Earley@labdomain.com,4791 Neville Street,Chandler,IN,47610,US,5676
Cameryn.Hamm,V&pH/9qY,"OU=Marketing,DC=labdomain,DC=com",Accounting,Cameryn,B,Hamm,919-429-1885,Cameryn.Hamm@labdomain.com,159 Jennifer Lane,Garner,NC,27529,US,5677
Skyla.Wyatt,4]*cETep,"OU=Marketing,DC=labdomain,DC=com",Accounting,Skyla,J,Wyatt,757-428-0805,Skyla.Wyatt@labdomain.com,4495 Murry Street,Virginia Beach,VA,23451,US,5678
Miguel.Wise,y2C_Qz.4,"OU=Marketing,DC=labdomain,DC=com",Accounting,Miguel,C,Wise,907-929-1139,Miguel.Wise@labdomain.com,4887 Kidd Avenue,Anchorage,AK,99504,US,5679
Alonso.Chan,3qQ$D)%R,"OU=Marketing,DC=labdomain,DC=com",Accounting,Alonso,W,Chan,814-532-9570,Alonso.Chan@labdomain.com,3336 Harley Brook Lane,Johnstown,PA,15901,US,5680
Jacy.Darling,@$r6tXYg,"OU=Marketing,DC=labdomain,DC=com",Accounting,Jacy,S,Darling,504-464-0369,Jacy.Darling@labdomain.com,1021 Paul Wayne Haggerty Road,Kenner,LA,70065,US,5681
Jazlyn.Rains,dC47bZU>,"OU=Marketing,DC=labdomain,DC=com",Accounting,Jazlyn,J,Rains,212-820-2128,Jazlyn.Rains@labdomain.com,85 Small Street,New York,NY,10038,US,5682
Jajuan.Szymanski,5DE}Q%)v,"OU=Marketing,DC=labdomain,DC=com",Accounting,Jajuan,P,Szymanski,402-763-9063,Jajuan.Szymanski@labdomain.com,3394 North Avenue,Omaha,NE,68154,US,5683
Dionte.Xiong,dQ45%A4?,"OU=Marketing,DC=labdomain,DC=com",Accounting,Dionte,P,Xiong,920-460-9029,Dionte.Xiong@labdomain.com,4039 Sycamore Lake Road,Menasha,WI,54952,US,5684
Neo.Stein,zN@8J7kp,"OU=Marketing,DC=labdomain,DC=com",Accounting,Neo,B,Stein,734-448-0818,Neo.Stein@labdomain.com,1206 Charles Street,Southfield,MI,48075,US,5685
Skyla.Vinson,&4vn{qGR,"OU=Marketing,DC=labdomain,DC=com",Accounting,Skyla,A,Vinson,765-613-9517,Skyla.Vinson@labdomain.com,2681 Capitol Avenue,Indianapolis,IN,46225,US,5686
Robin.Curtin,-d-XQ8%g,"OU=Marketing,DC=labdomain,DC=com",Accounting,Robin,K,Curtin,607-455-7140,Robin.Curtin@labdomain.com,3259 Cliffside Drive,Binghamton,NY,13901,US,5687
Mohammed.Dallas,CL5$uv*P,"OU=Marketing,DC=labdomain,DC=com",Accounting,Mohammed,R,Dallas,781-916-1844,Mohammed.Dallas@labdomain.com,2427 Hummingbird Way,Charlestown,MA,2129,US,5688
Esmeralda.Ivy,^jqF3-r],"OU=Marketing,DC=labdomain,DC=com",Accounting,Esmeralda,B,Ivy,651-373-3685,Esmeralda.Ivy@labdomain.com,4 Bryan Avenue,Minneapolis,MN,55415,US,5689
Cynthia.Kaufman,n2->jpMY,"OU=Marketing,DC=labdomain,DC=com",Accounting,Cynthia,E,Kaufman,724-499-7207,Cynthia.Kaufman@labdomain.com,17 Shinn Avenue,Rogersville,PA,15359,US,5690
Alora.Brandt,Y(d7Cx4!,"OU=Marketing,DC=labdomain,DC=com",Accounting,Alora,L,Brandt,952-491-5436,Alora.Brandt@labdomain.com,268 Oral Lake Road,Mound,MN,55364,US,5691
Lizet.Ferreira,!5tTfLWD,"OU=Marketing,DC=labdomain,DC=com",Accounting,Lizet,M,Ferreira,717-576-0279,Lizet.Ferreira@labdomain.com,3379 Lincoln Drive,Harrisburg,PA,17111,US,5692
Judith.Reiter,}%Y@3qP5,"OU=Marketing,DC=labdomain,DC=com",Accounting,Judith,R,Reiter,989-884-4510,Judith.Reiter@labdomain.com,3387 Juniper Drive,Saginaw,MI,48601,US,5693
Chad.Rosa,d6$3URAn,"OU=Marketing,DC=labdomain,DC=com",Accounting,Chad,J,Rosa,319-759-3952,Chad.Rosa@labdomain.com,3525 Pyramid Valley Road,Burlington,IA,52601,US,5694
Jamel.Richmond,WU2E_HQq,"OU=Marketing,DC=labdomain,DC=com",Accounting,Jamel,S,Richmond,603-878-8072,Jamel.Richmond@labdomain.com,1735 Peck Street,Greenville,NH,3048,US,5695
Alani.Hager,mW9!w4{m,"OU=Marketing,DC=labdomain,DC=com",Accounting,Alani,M,Hager,225-768-0584,Alani.Hager@labdomain.com,14 Eva Pearl Street,Baton Rouge,LA,70810,US,5696
Sage.Gaffney,6_VkuwaE,"OU=Marketing,DC=labdomain,DC=com",Accounting,Sage,K,Gaffney,808-334-7337,Sage.Gaffney@labdomain.com,4126 Stratford Drive,Kona,HI,96740,US,5697
Shyanne.Comstock,$8G.6Hh8,"OU=Marketing,DC=labdomain,DC=com",Accounting,Shyanne,J,Comstock,339-686-8478,Shyanne.Comstock@labdomain.com,2449 Hillside Drive,Charlestown,MA,2129,US,5698
Charlene.Ernst,&{t3m6Ey,"OU=Marketing,DC=labdomain,DC=com",Accounting,Charlene,C,Ernst,617-722-9924,Charlene.Ernst@labdomain.com,3160 Valley View Drive,Boston,MA,2114,US,5699
Dariana.Neal,tk}n3UUp,"OU=Marketing,DC=labdomain,DC=com",Accounting,Dariana,N,Neal,781-593-6110,Dariana.Neal@labdomain.com,4449 Single Street,Lynn,MA,1901,US,5700
Ariana.Fong,uK{nX-3c,"OU=Marketing,DC=labdomain,DC=com",Accounting,Ariana,R,Fong,508-697-4291,Ariana.Fong@labdomain.com,724 Randolph Street,Bridgewater,MA,2324,US,5701
Gage.Kelsey,j5/rZAwf,"OU=Marketing,DC=labdomain,DC=com",Accounting,Gage,M,Kelsey,505-628-1024,Gage.Kelsey@labdomain.com,4153 Bird Street,Carlsbad,NM,88220,US,5702
Kolten.Helm,KFm8w}YC,"OU=Marketing,DC=labdomain,DC=com",Accounting,Kolten,G,Helm,213-741-0469,Kolten.Helm@labdomain.com,3512 Canis Heights Drive,Los Angeles,CA,90007,US,5703
Moriah.Bui,!7]dcM7},"OU=Marketing,DC=labdomain,DC=com",Accounting,Moriah,L,Bui,925-837-7487,Moriah.Bui@labdomain.com,3826 Beech Street,Danville,CA,94526,US,5704
Dwayne.Sosa,g9hN*wtt,"OU=Marketing,DC=labdomain,DC=com",Accounting,Dwayne,H,Sosa,586-883-9945,Dwayne.Sosa@labdomain.com,1475 Reppert Coal Road,Westland,MI,48185,US,5705
Meadow.Gorman,_Z7%ySHC,"OU=Marketing,DC=labdomain,DC=com",Accounting,Meadow,C,Gorman,916-410-6859,Meadow.Gorman@labdomain.com,2885 Park Avenue,Mcclellan Afb,CA,95652,US,5706
Madilynn.Schmid,AuD5/f9G,"OU=Marketing,DC=labdomain,DC=com",Accounting,Madilynn,B,Schmid,503-785-4171,Madilynn.Schmid@labdomain.com,1399 Heron Way,Milwaukie,OR,97222,US,5707
Raekwon.Miller,9DU-3.Fw,"OU=Marketing,DC=labdomain,DC=com",Accounting,Raekwon,A,Miller,507-866-8915,Raekwon.Miller@labdomain.com,1582 Pineview Drive,Huntley,MN,56047,US,5708
