﻿Username,Password,OU,Department,FirstName,Initials,LastName,Mobile,Email,StreetAddress,City,State,ZipCode,Country,EmployeeID
Ivanna.Beatty,Mypassword1,"OU=Marketing,DC=labdomain,DC=com",Marketing,Ivanna,B,Beatty,580-305-2429,Ivanna.Beatty@labdomain.com,4818 Luke Lane,Tulsa,OK,74120,US,5611
Deontae.Storey,Mypassword1,"OU=Marketing,DC=labdomain,DC=com",Marketing,Deontae,J,Storey,715-787-6608,Deontae.Storey@labdomain.com,450 Tea Berry Lane,Gresham,WI,54128,US,5612
Jim.Naranjo,Mypassword1,"OU=Marketing,DC=labdomain,DC=com",Marketing,Jim,L,Naranjo,812-472-0040,Jim.Naranjo@labdomain.com,2404 Lucy Lane,Fredericksburg,IN,47120,US,5613
Alivia.Rice,Mypassword1,"OU=Marketing,DC=labdomain,DC=com",Marketing,Alivia,A,Rice,781-847-9355,Alivia.Rice@labdomain.com,678 Hillcrest Avenue,Boston,MA,2210,US,5614
Tobias.Guthrie,Mypassword1,"OU=Marketing,DC=labdomain,DC=com",Marketing,Tobias,K,Guthrie,712-279-0390,Tobias.Guthrie@labdomain.com,2360 Woodland Drive,Sioux City,IA,51101,US,5615
Rey.Stephen,Mypassword1,"OU=Marketing,DC=labdomain,DC=com",Marketing,Rey,P,Stephen,720-621-1477,Rey.Stephen@labdomain.com,3600 Clay Lick Road,Denver,CO,80239,US,5616
Frank.Kowalski,Mypassword1,"OU=Marketing,DC=labdomain,DC=com",Marketing,Frank,A,Kowalski,937-848-5461,Frank.Kowalski@labdomain.com,760 Crim Lane,Bellbrook,OH,45305,US,5617
Frank.Ayers,Mypassword1,"OU=Marketing,DC=labdomain,DC=com",Marketing,Frank,B,Ayers,317-554-4675,Frank.Ayers@labdomain.com,4793 Barfield Lane,Indianapolis,IN,46225,US,5618
Shyann.Burkholder,Mypassword1,"OU=Marketing,DC=labdomain,DC=com",Marketing,Shyann,S,Burkholder,660-287-1168,Shyann.Burkholder@labdomain.com,2853 Fairmont Avenue,Kansas City,MO,64106,US,5619
Kaci.Buckley,Mypassword1,"OU=Marketing,DC=labdomain,DC=com",Marketing,Kaci,R,Buckley,810-610-4129,Kaci.Buckley@labdomain.com,4070 Perry Street,Detroit,MI,48226,US,5620
Preston.Calhoun,Mypassword1,"OU=Marketing,DC=labdomain,DC=com",Marketing,Preston,J,Calhoun,225-362-5827,Preston.Calhoun@labdomain.com,1809 Washburn Street,Baton Rouge,LA,70814,US,5621
Dejon.Isaac,Mypassword1,"OU=Marketing,DC=labdomain,DC=com",Marketing,Dejon,J,Isaac,859-685-3689,Dejon.Isaac@labdomain.com,4571 Mayo Street,Lexington,KY,40507,US,5622
Ileana.Roe,Mypassword1,"OU=Marketing,DC=labdomain,DC=com",Marketing,Ileana,C,Roe,256-438-9841,Ileana.Roe@labdomain.com,4204 Turnpike Drive,Birmingham,AL,35222,US,5623
Annalee.Ostrander,Mypassword1,"OU=Marketing,DC=labdomain,DC=com",Marketing,Annalee,S,Ostrander,610-766-9858,Annalee.Ostrander@labdomain.com,3051 Lyndon Street,Philadelphia,PA,19146,US,5624
Jazmyn.Salerno,Mypassword1,"OU=Marketing,DC=labdomain,DC=com",Marketing,Jazmyn,D,Salerno,574-248-2831,Jazmyn.Salerno@labdomain.com,618 Sharon Lane,Plymouth,IN,46563,US,5625
Esteban.Mehta,Mypassword1,"OU=Marketing,DC=labdomain,DC=com",Marketing,Esteban,M,Mehta,770-578-7561,Esteban.Mehta@labdomain.com,4128 Lakeland Park Drive,Marietta,GA,30062,US,5626
Katrina.Brothers,Mypassword1,"OU=Marketing,DC=labdomain,DC=com",Marketing,Katrina,E,Brothers,201-829-2373,Katrina.Brothers@labdomain.com,2296 Lakewood Drive,Secaucus,NJ,7094,US,5627
Omar.Marcum,Mypassword1,"OU=Marketing,DC=labdomain,DC=com",Marketing,Omar,C,Marcum,814-487-9372,Omar.Marcum@labdomain.com,3487 Stutler Lane,Beaverdale,PA,15952,US,5628
Mercedez.Hodges,Mypassword1,"OU=Marketing,DC=labdomain,DC=com",Marketing,Mercedez,D,Hodges,417-859-8831,Mercedez.Hodges@labdomain.com,2519 Briarwood Road,Marshfield,MO,65706,US,5629
Delaney.Shen,Mypassword1,"OU=Marketing,DC=labdomain,DC=com",Marketing,Delaney,C,Shen,865-281-6474,Delaney.Shen@labdomain.com,3315 Wiseman Street,Knoxville,TN,37918,US,5630
Dorian.Carrera,Mypassword1,"OU=Marketing,DC=labdomain,DC=com",Marketing,Dorian,J,Carrera,703-820-9799,Dorian.Carrera@labdomain.com,2466 Perine Street,Arlington,VA,22206,US,5631
Desmond.Beaulieu,Mypassword1,"OU=Marketing,DC=labdomain,DC=com",Marketing,Desmond,D,Beaulieu,954-438-4960,Desmond.Beaulieu@labdomain.com,2132 West Fork Drive,Hollywood,FL,33024,US,5632
Rylee.Scruggs,Mypassword1,"OU=Marketing,DC=labdomain,DC=com",Marketing,Rylee,S,Scruggs,502-827-3609,Rylee.Scruggs@labdomain.com,4354 Karen Lane,Radcliff,KY,40180,US,5633
Pablo.Ayala,Mypassword1,"OU=Marketing,DC=labdomain,DC=com",Marketing,Pablo,L,Ayala,813-713-5503,Pablo.Ayala@labdomain.com,4221 Saints Alley,Polk City,FL,33868,US,5634
Marina.Snodgrass,Mypassword1,"OU=Marketing,DC=labdomain,DC=com",Marketing,Marina,F,Snodgrass,409-916-8768,Marina.Snodgrass@labdomain.com,1414 Lynn Ogden Lane,Texas City,TX,77591,US,5635
Devontae.Deaton,Mypassword1,"OU=Marketing,DC=labdomain,DC=com",Marketing,Devontae,C,Deaton,707-568-4556,Devontae.Deaton@labdomain.com,1380 Marietta Street,Santa Rosa,CA,95401,US,5636
Malaysia.Harrell,Mypassword1,"OU=Marketing,DC=labdomain,DC=com",Marketing,Malaysia,L,Harrell,703-392-5629,Malaysia.Harrell@labdomain.com,1455 Golf Course Drive,Manassas,VA,22110,US,5637
Ladarius.Kauffman,Mypassword1,"OU=Marketing,DC=labdomain,DC=com",Marketing,Ladarius,L,Kauffman,267-374-7677,Ladarius.Kauffman@labdomain.com,2360 Valley Drive,Plymouth Meeting,PA,19462,US,5638
Tristin.Amaral,Mypassword1,"OU=Marketing,DC=labdomain,DC=com",Marketing,Tristin,D,Amaral,508-282-0872,Tristin.Amaral@labdomain.com,3370 Stadium Drive,Brockton,MA,2402,US,5639
Simone.Duenas,Mypassword1,"OU=Marketing,DC=labdomain,DC=com",Marketing,Simone,R,Duenas,808-550-0871,Simone.Duenas@labdomain.com,3302 Arron Smith Drive,Honolulu,HI,96813,US,5640
Baby.Lafleur,Mypassword1,"OU=Marketing,DC=labdomain,DC=com",Marketing,Baby,E,Lafleur,720-532-9845,Baby.Lafleur@labdomain.com,4175 Clay Lick Road,Aurora,CO,80014,US,5641
Kala.Thao,Mypassword1,"OU=Marketing,DC=labdomain,DC=com",Marketing,Kala,E,Thao,631-539-1213,Kala.Thao@labdomain.com,4053 Abia Martin Drive,Bethpage,NY,11714,US,5642
Brionna.Salter,Mypassword1,"OU=Marketing,DC=labdomain,DC=com",Marketing,Brionna,R,Salter,386-658-8566,Brionna.Salter@labdomain.com,2181 Spirit Drive,Dowling Park,FL,32060,US,5643
Lesly.Brothers,Mypassword1,"OU=Marketing,DC=labdomain,DC=com",Marketing,Lesly,D,Brothers,267-508-3863,Lesly.Brothers@labdomain.com,400 Quincy Street,Philadelphia,PA,19108,US,5644
Uriah.Hopper,Mypassword1,"OU=Marketing,DC=labdomain,DC=com",Marketing,Uriah,J,Hopper,985-705-6763,Uriah.Hopper@labdomain.com,2760 Woodland Avenue,Metairie,LA,70001,US,5645
Luisa.Bass,Mypassword1,"OU=Marketing,DC=labdomain,DC=com",Marketing,Luisa,T,Bass,336-566-7831,Luisa.Bass@labdomain.com,1170 Ingram Road,Asheboro,NC,27203,US,5646
Mikel.Cavazos,Mypassword1,"OU=Marketing,DC=labdomain,DC=com",Marketing,Mikel,C,Cavazos,772-221-0223,Mikel.Cavazos@labdomain.com,2432 Elkview Drive,Stuart,FL,34994,US,5647
Isidro.Grayson,Mypassword1,"OU=Marketing,DC=labdomain,DC=com",Marketing,Isidro,M,Grayson,908-598-7681,Isidro.Grayson@labdomain.com,2294 Caynor Circle,Summit,NJ,7901,US,5648
Edgar.Blake,Mypassword1,"OU=Marketing,DC=labdomain,DC=com",Marketing,Edgar,E,Blake,773-592-8062,Edgar.Blake@labdomain.com,4173 Virginia Street,Chicago,IL,60631,US,5649
Isaias.Heinz,Mypassword1,"OU=Marketing,DC=labdomain,DC=com",Marketing,Isaias,G,Heinz,808-627-7882,Isaias.Heinz@labdomain.com,113 Indiana Avenue,Mililani,HI,96789,US,5650
Paxton.Snyder,Mypassword1,"OU=Marketing,DC=labdomain,DC=com",Marketing,Paxton,J,Snyder,318-663-4940,Paxton.Snyder@labdomain.com,1964 Emerson Road,Shreveport,LA,71101,US,5651
Harvey.Bullard,Mypassword1,"OU=Marketing,DC=labdomain,DC=com",Marketing,Harvey,T,Bullard,225-715-1914,Harvey.Bullard@labdomain.com,366 Eva Pearl Street,Baton Rouge,LA,70814,US,5652
Yamilet.Robinette,Mypassword1,"OU=Marketing,DC=labdomain,DC=com",Marketing,Yamilet,J,Robinette,336-881-9875,Yamilet.Robinette@labdomain.com,1505 Fire Access Road,High Point,NC,27260,US,5653
Christopher.Judge,Mypassword1,"OU=Marketing,DC=labdomain,DC=com",Marketing,Christopher,M,Judge,404-568-4939,Christopher.Judge@labdomain.com,530 Junior Avenue,Atlanta,GA,30342,US,5654
Pierre.Adler,Mypassword1,"OU=Marketing,DC=labdomain,DC=com",Marketing,Pierre,W,Adler,614-727-4508,Pierre.Adler@labdomain.com,593 Palmer Road,Columbus,OH,43212,US,5655
Ashton.Fink,Mypassword1,"OU=Marketing,DC=labdomain,DC=com",Marketing,Ashton,B,Fink,856-336-8811,Ashton.Fink@labdomain.com,2515 Lee Avenue,Pennsauken,NJ,8110,US,5656
Stacie.Crain,Mypassword1,"OU=Marketing,DC=labdomain,DC=com",Marketing,Stacie,N,Crain,646-865-7318,Stacie.Crain@labdomain.com,785 Forest Avenue,New York,NY,10016,US,5657
Ricky.Patino,Mypassword1,"OU=Marketing,DC=labdomain,DC=com",Marketing,Ricky,C,Patino,720-744-3789,Ricky.Patino@labdomain.com,84 Clay Lick Road,Denver,CO,80014,US,5658
Cassandra.Ko,Mypassword1,"OU=Marketing,DC=labdomain,DC=com",Marketing,Cassandra,J,Ko,334-561-6230,Cassandra.Ko@labdomain.com,130 Turkey Pen Lane,Montgomery,AL,36104,US,5659
Oswaldo.Maynard,Mypassword1,"OU=Marketing,DC=labdomain,DC=com",Marketing,Oswaldo,P,Maynard,541-698-9688,Oswaldo.Maynard@labdomain.com,1998 Buena Vista Avenue,Coos Bay,OR,97420,US,5660
Leyla.Sebastian,Mypassword1,"OU=Marketing,DC=labdomain,DC=com",Marketing,Leyla,J,Sebastian,773-724-4185,Leyla.Sebastian@labdomain.com,1957 Vesta Drive,Hickory Hills,IL,60457,US,5661
Darrin.Baugh,Mypassword1,"OU=Marketing,DC=labdomain,DC=com",Marketing,Darrin,R,Baugh,704-790-7910,Darrin.Baugh@labdomain.com,1643 Harry Place,Charlotte,NC,28202,US,5662
Efren.Andersen,Mypassword1,"OU=Marketing,DC=labdomain,DC=com",Marketing,Efren,H,Andersen,609-918-4366,Efren.Andersen@labdomain.com,3177 Whiteman Street,Hightstown,NJ,8520,US,5663
Andreas.Whitworth,Mypassword1,"OU=Marketing,DC=labdomain,DC=com",Marketing,Andreas,D,Whitworth,314-342-3638,Andreas.Whitworth@labdomain.com,18 Bruce Street,Saint Louis,MO,63101,US,5664
Tomas.Newby,Mypassword1,"OU=Marketing,DC=labdomain,DC=com",Marketing,Tomas,E,Newby,512-268-1936,Tomas.Newby@labdomain.com,2674 Sundown Lane,Kyle,TX,78640,US,5665
Yazmine.Seidel,Mypassword1,"OU=Marketing,DC=labdomain,DC=com",Marketing,Yazmine,R,Seidel,863-367-0628,Yazmine.Seidel@labdomain.com,889 Tetrick Road,Cypress Gardens,FL,33884,US,5666
London.Christie,Mypassword1,"OU=Marketing,DC=labdomain,DC=com",Marketing,London,R,Christie,217-804-5216,London.Christie@labdomain.com,2242 Spring Street,Mattoon,IL,61938,US,5667
Travion.Wade,Mypassword1,"OU=Marketing,DC=labdomain,DC=com",Marketing,Travion,C,Wade,530-328-4242,Travion.Wade@labdomain.com,864 Riverwood Drive,Sacramento,CA,95814,US,5668
Mohamed.Lockwood,Mypassword1,"OU=Marketing,DC=labdomain,DC=com",Marketing,Mohamed,T,Lockwood,323-449-0664,Mohamed.Lockwood@labdomain.com,3692 Red Maple Drive,City Of Commerce,CA,90040,US,5669
Louise.Arndt,Mypassword1,"OU=Marketing,DC=labdomain,DC=com",Marketing,Louise,O,Arndt,530-566-9671,Louise.Arndt@labdomain.com,2455 Hill Croft Farm Road,Chico,CA,95928,US,5670
Brook.Weathers,Mypassword1,"OU=Marketing,DC=labdomain,DC=com",Marketing,Brook,T,Weathers,505-559-0280,Brook.Weathers@labdomain.com,3684 Bird Street,Albuquerque,NM,87112,US,5671
Terrell.Lackey,Mypassword1,"OU=Marketing,DC=labdomain,DC=com",Marketing,Terrell,M,Lackey,406-978-7614,Terrell.Lackey@labdomain.com,2639 Coolidge Street,Baker,MT,59313,US,5672
Anahi.Finn,Mypassword1,"OU=Marketing,DC=labdomain,DC=com",Marketing,Anahi,W,Finn,404-535-9973,Anahi.Finn@labdomain.com,2279 Clement Street,Atlanta,GA,30303,US,5673
Kiah.Kessler,Mypassword1,"OU=Marketing,DC=labdomain,DC=com",Marketing,Kiah,K,Kessler,601-606-0359,Kiah.Kessler@labdomain.com,2111 Walnut Street,Jackson,MS,39201,US,5674
Abigayle.Slaughter,Mypassword1,"OU=Marketing,DC=labdomain,DC=com",Marketing,Abigayle,E,Slaughter,727-562-8385,Abigayle.Slaughter@labdomain.com,4589 Maryland Avenue,Clearwater,FL,34623,US,5675
Julian.Earley,Mypassword1,"OU=Marketing,DC=labdomain,DC=com",Marketing,Julian,B,Earley,812-631-1474,Julian.Earley@labdomain.com,4791 Neville Street,Chandler,IN,47610,US,5676
Cameryn.Hamm,Mypassword1,"OU=Marketing,DC=labdomain,DC=com",Marketing,Cameryn,B,Hamm,919-429-1885,Cameryn.Hamm@labdomain.com,159 Jennifer Lane,Garner,NC,27529,US,5677
Skyla.Wyatt,Mypassword1,"OU=Marketing,DC=labdomain,DC=com",Marketing,Skyla,J,Wyatt,757-428-0805,Skyla.Wyatt@labdomain.com,4495 Murry Street,Virginia Beach,VA,23451,US,5678
Miguel.Wise,Mypassword1,"OU=Marketing,DC=labdomain,DC=com",Marketing,Miguel,C,Wise,907-929-1139,Miguel.Wise@labdomain.com,4887 Kidd Avenue,Anchorage,AK,99504,US,5679
Alonso.Chan,Mypassword1,"OU=Marketing,DC=labdomain,DC=com",Marketing,Alonso,W,Chan,814-532-9570,Alonso.Chan@labdomain.com,3336 Harley Brook Lane,Johnstown,PA,15901,US,5680
Jacy.Darling,Mypassword1,"OU=Marketing,DC=labdomain,DC=com",Marketing,Jacy,S,Darling,504-464-0369,Jacy.Darling@labdomain.com,1021 Paul Wayne Haggerty Road,Kenner,LA,70065,US,5681
Jazlyn.Rains,Mypassword1,"OU=Marketing,DC=labdomain,DC=com",Marketing,Jazlyn,J,Rains,212-820-2128,Jazlyn.Rains@labdomain.com,85 Small Street,New York,NY,10038,US,5682
Jajuan.Szymanski,Mypassword1,"OU=Marketing,DC=labdomain,DC=com",Marketing,Jajuan,P,Szymanski,402-763-9063,Jajuan.Szymanski@labdomain.com,3394 North Avenue,Omaha,NE,68154,US,5683
Dionte.Xiong,Mypassword1,"OU=Marketing,DC=labdomain,DC=com",Marketing,Dionte,P,Xiong,920-460-9029,Dionte.Xiong@labdomain.com,4039 Sycamore Lake Road,Menasha,WI,54952,US,5684
Neo.Stein,Mypassword1,"OU=Marketing,DC=labdomain,DC=com",Marketing,Neo,B,Stein,734-448-0818,Neo.Stein@labdomain.com,1206 Charles Street,Southfield,MI,48075,US,5685
Skyla.Vinson,Mypassword1,"OU=Marketing,DC=labdomain,DC=com",Marketing,Skyla,A,Vinson,765-613-9517,Skyla.Vinson@labdomain.com,2681 Capitol Avenue,Indianapolis,IN,46225,US,5686
Robin.Curtin,Mypassword1,"OU=Marketing,DC=labdomain,DC=com",Marketing,Robin,K,Curtin,607-455-7140,Robin.Curtin@labdomain.com,3259 Cliffside Drive,Binghamton,NY,13901,US,5687
Mohammed.Dallas,Mypassword1,"OU=Marketing,DC=labdomain,DC=com",Marketing,Mohammed,R,Dallas,781-916-1844,Mohammed.Dallas@labdomain.com,2427 Hummingbird Way,Charlestown,MA,2129,US,5688
Esmeralda.Ivy,Mypassword1,"OU=Marketing,DC=labdomain,DC=com",Marketing,Esmeralda,B,Ivy,651-373-3685,Esmeralda.Ivy@labdomain.com,4 Bryan Avenue,Minneapolis,MN,55415,US,5689
Cynthia.Kaufman,Mypassword1,"OU=Marketing,DC=labdomain,DC=com",Marketing,Cynthia,E,Kaufman,724-499-7207,Cynthia.Kaufman@labdomain.com,17 Shinn Avenue,Rogersville,PA,15359,US,5690
Alora.Brandt,Mypassword1,"OU=Marketing,DC=labdomain,DC=com",Marketing,Alora,L,Brandt,952-491-5436,Alora.Brandt@labdomain.com,268 Oral Lake Road,Mound,MN,55364,US,5691
Lizet.Ferreira,Mypassword1,"OU=Marketing,DC=labdomain,DC=com",Marketing,Lizet,M,Ferreira,717-576-0279,Lizet.Ferreira@labdomain.com,3379 Lincoln Drive,Harrisburg,PA,17111,US,5692
Judith.Reiter,Mypassword1,"OU=Marketing,DC=labdomain,DC=com",Marketing,Judith,R,Reiter,989-884-4510,Judith.Reiter@labdomain.com,3387 Juniper Drive,Saginaw,MI,48601,US,5693
Chad.Rosa,Mypassword1,"OU=Marketing,DC=labdomain,DC=com",Marketing,Chad,J,Rosa,319-759-3952,Chad.Rosa@labdomain.com,3525 Pyramid Valley Road,Burlington,IA,52601,US,5694
Jamel.Richmond,Mypassword1,"OU=Marketing,DC=labdomain,DC=com",Marketing,Jamel,S,Richmond,603-878-8072,Jamel.Richmond@labdomain.com,1735 Peck Street,Greenville,NH,3048,US,5695
Alani.Hager,Mypassword1,"OU=Marketing,DC=labdomain,DC=com",Marketing,Alani,M,Hager,225-768-0584,Alani.Hager@labdomain.com,14 Eva Pearl Street,Baton Rouge,LA,70810,US,5696
Sage.Gaffney,Mypassword1,"OU=Marketing,DC=labdomain,DC=com",Marketing,Sage,K,Gaffney,808-334-7337,Sage.Gaffney@labdomain.com,4126 Stratford Drive,Kona,HI,96740,US,5697
Shyanne.Comstock,Mypassword1,"OU=Marketing,DC=labdomain,DC=com",Marketing,Shyanne,J,Comstock,339-686-8478,Shyanne.Comstock@labdomain.com,2449 Hillside Drive,Charlestown,MA,2129,US,5698
Charlene.Ernst,Mypassword1,"OU=Marketing,DC=labdomain,DC=com",Marketing,Charlene,C,Ernst,617-722-9924,Charlene.Ernst@labdomain.com,3160 Valley View Drive,Boston,MA,2114,US,5699
Dariana.Neal,Mypassword1,"OU=Marketing,DC=labdomain,DC=com",Marketing,Dariana,N,Neal,781-593-6110,Dariana.Neal@labdomain.com,4449 Single Street,Lynn,MA,1901,US,5700
Ariana.Fong,Mypassword1,"OU=Marketing,DC=labdomain,DC=com",Marketing,Ariana,R,Fong,508-697-4291,Ariana.Fong@labdomain.com,724 Randolph Street,Bridgewater,MA,2324,US,5701
Gage.Kelsey,Mypassword1,"OU=Marketing,DC=labdomain,DC=com",Marketing,Gage,M,Kelsey,505-628-1024,Gage.Kelsey@labdomain.com,4153 Bird Street,Carlsbad,NM,88220,US,5702
Kolten.Helm,Mypassword1,"OU=Marketing,DC=labdomain,DC=com",Marketing,Kolten,G,Helm,213-741-0469,Kolten.Helm@labdomain.com,3512 Canis Heights Drive,Los Angeles,CA,90007,US,5703
Moriah.Bui,Mypassword1,"OU=Marketing,DC=labdomain,DC=com",Marketing,Moriah,L,Bui,925-837-7487,Moriah.Bui@labdomain.com,3826 Beech Street,Danville,CA,94526,US,5704
Dwayne.Sosa,Mypassword1,"OU=Marketing,DC=labdomain,DC=com",Marketing,Dwayne,H,Sosa,586-883-9945,Dwayne.Sosa@labdomain.com,1475 Reppert Coal Road,Westland,MI,48185,US,5705
Meadow.Gorman,Mypassword1,"OU=Marketing,DC=labdomain,DC=com",Marketing,Meadow,C,Gorman,916-410-6859,Meadow.Gorman@labdomain.com,2885 Park Avenue,Mcclellan Afb,CA,95652,US,5706
Madilynn.Schmid,Mypassword1,"OU=Marketing,DC=labdomain,DC=com",Marketing,Madilynn,B,Schmid,503-785-4171,Madilynn.Schmid@labdomain.com,1399 Heron Way,Milwaukie,OR,97222,US,5707
Raekwon.Miller,Mypassword1,"OU=Marketing,DC=labdomain,DC=com",Marketing,Raekwon,A,Miller,507-866-8915,Raekwon.Miller@labdomain.com,1582 Pineview Drive,Huntley,MN,56047,US,5708
